{
  "type": "milestone",
  "timestamp_utc": "2026-06-27T20:17:16Z",
  "step": 1500,
  "max_steps": 1642,
  "last_train_log": {
    "loss": 0.989223575592041,
    "grad_norm": 13.229302406311035,
    "learning_rate": 4.590183310807217e-07,
    "epoch": 1.8276702727411245,
    "eval_loss": 0.24404047429561615,
    "eval_wer": 0.20909816440542697,
    "eval_cer": 0.05192458123162409,
    "eval_hallucination_rate": 0.0,
    "eval_language_confusion_rate": 0.0,
    "eval_runtime": 394.3154,
    "eval_samples_per_second": 2.148,
    "eval_steps_per_second": 0.538
  },
  "metrics": {},
  "gpu": {
    "cuda_available": true,
    "torch_allocated_mib": 16662.30859375,
    "torch_reserved_mib": 37684.0,
    "torch_peak_allocated_mib": 35953.32080078125,
    "gpu_util_percent": 100.0,
    "vram_used_mib": 38029.0,
    "vram_total_mib": 46068.0,
    "power_watts": 282.07,
    "temperature_c": 63.0
  },
  "eta": {
    "elapsed_seconds": 8139.3282516002655,
    "eta_seconds": 770.5230744848251,
    "progress_percent": 91.35200974421437
  },
  "samples": [],
  "stop_reason": null
}