{
  "type": "milestone",
  "timestamp_utc": "2026-06-27T18:09:25Z",
  "step": 100,
  "max_steps": 1642,
  "last_train_log": {
    "loss": 5.259252548217773,
    "grad_norm": 50.345787048339844,
    "learning_rate": 1.2e-05,
    "epoch": 0.12189547463050435
  },
  "metrics": {},
  "gpu": {
    "cuda_available": true,
    "torch_allocated_mib": 16662.30712890625,
    "torch_reserved_mib": 37684.0,
    "torch_peak_allocated_mib": 35201.56689453125,
    "gpu_util_percent": 100.0,
    "vram_used_mib": 38027.0,
    "vram_total_mib": 46068.0,
    "power_watts": 282.6,
    "temperature_c": 63.0
  },
  "eta": {
    "elapsed_seconds": 467.6548881530762,
    "eta_seconds": 7211.238375320435,
    "progress_percent": 6.090133982947625
  },
  "samples": [],
  "stop_reason": null
}