{
  "type": "milestone",
  "timestamp_utc": "2026-06-27T19:32:03Z",
  "step": 1000,
  "max_steps": 1642,
  "last_train_log": {
    "loss": 1.2247822761535645,
    "grad_norm": 14.807185173034668,
    "learning_rate": 7.982646434917577e-06,
    "epoch": 1.2181928995886029,
    "eval_loss": 0.2806848883628845,
    "eval_wer": 0.2567837190742219,
    "eval_cer": 0.06365818789954954,
    "eval_hallucination_rate": 0.0,
    "eval_language_confusion_rate": 0.0,
    "eval_runtime": 391.5607,
    "eval_samples_per_second": 2.163,
    "eval_steps_per_second": 0.541
  },
  "metrics": {},
  "gpu": {
    "cuda_available": true,
    "torch_allocated_mib": 16662.30908203125,
    "torch_reserved_mib": 37684.0,
    "torch_peak_allocated_mib": 35953.32080078125,
    "gpu_util_percent": 67.0,
    "vram_used_mib": 38029.0,
    "vram_total_mib": 46068.0,
    "power_watts": 262.55,
    "temperature_c": 63.0
  },
  "eta": {
    "elapsed_seconds": 5426.024409294128,
    "eta_seconds": 3483.5076707668304,
    "progress_percent": 60.90133982947626
  },
  "samples": [],
  "stop_reason": null
}