{
  "type": "milestone",
  "timestamp_utc": "2026-06-26T21:22:04Z",
  "step": 1000,
  "max_steps": 1642,
  "last_train_log": {
    "loss": 8.696762847900391,
    "grad_norm": 75.29881286621094,
    "learning_rate": 4.789587860950546e-06,
    "epoch": 1.218217836869976,
    "eval_loss": 0.37291601300239563,
    "eval_wer": 0.5440941739824421,
    "eval_cer": 0.34774633830550533,
    "eval_hallucination_rate": 0.031877213695395513,
    "eval_language_confusion_rate": 0.0,
    "eval_runtime": 916.1131,
    "eval_samples_per_second": 0.925,
    "eval_steps_per_second": 0.925
  },
  "metrics": {},
  "gpu": {
    "cuda_available": true,
    "torch_allocated_mib": 13125.3125,
    "torch_reserved_mib": 21142.0,
    "torch_peak_allocated_mib": 20175.556640625,
    "gpu_util_percent": 65.0,
    "vram_used_mib": 21487.0,
    "vram_total_mib": 46068.0,
    "power_watts": 163.51,
    "temperature_c": 54.0
  },
  "eta": {
    "elapsed_seconds": 12473.935613632202,
    "eta_seconds": 8008.266663951874,
    "progress_percent": 60.90133982947626
  },
  "samples": [],
  "stop_reason": null
}