{
  "type": "milestone",
  "timestamp_utc": "2026-06-26T19:37:00Z",
  "step": 500,
  "max_steps": 1642,
  "last_train_log": {
    "loss": 14.540420532226562,
    "grad_norm": 82.69169616699219,
    "learning_rate": 1.0548523978104405e-05,
    "epoch": 0.6095470303630615,
    "eval_loss": 0.4632859230041504,
    "eval_wer": 0.44014365522745413,
    "eval_cer": 0.12246109028133682,
    "eval_hallucination_rate": 0.0011806375442739079,
    "eval_language_confusion_rate": 0.0,
    "eval_runtime": 769.8523,
    "eval_samples_per_second": 1.1,
    "eval_steps_per_second": 1.1
  },
  "metrics": {},
  "gpu": {
    "cuda_available": true,
    "torch_allocated_mib": 13124.4140625,
    "torch_reserved_mib": 21142.0,
    "torch_peak_allocated_mib": 20174.47021484375,
    "gpu_util_percent": 85.0,
    "vram_used_mib": 21487.0,
    "vram_total_mib": 46068.0,
    "power_watts": 180.41,
    "temperature_c": 53.0
  },
  "eta": {
    "elapsed_seconds": 6169.560448408127,
    "eta_seconds": 14091.276064164163,
    "progress_percent": 30.45066991473813
  },
  "samples": [],
  "stop_reason": null
}