{
  "type": "milestone",
  "timestamp_utc": "2026-06-24T13:34:31Z",
  "step": 300,
  "max_steps": 546,
  "last_train_log": {
    "loss": 7.119989013671875,
    "grad_norm": 54.633541107177734,
    "learning_rate": 4.038389544892964e-06,
    "epoch": 1.09892374627891,
    "eval_loss": 0.534349799156189,
    "eval_wer": 0.4618152738904438,
    "eval_cer": 0.12527238905128887,
    "eval_hallucination_rate": 0.0,
    "eval_language_confusion_rate": 0.0,
    "eval_runtime": 544.4104,
    "eval_samples_per_second": 1.552,
    "eval_steps_per_second": 0.777
  },
  "metrics": {},
  "gpu": {
    "cuda_available": true,
    "torch_allocated_mib": 13121.74072265625,
    "torch_reserved_mib": 21278.0,
    "torch_peak_allocated_mib": 20140.8525390625,
    "gpu_util_percent": 0.0,
    "vram_used_mib": 21623.0,
    "vram_total_mib": 46068.0,
    "power_watts": 137.59,
    "temperature_c": 57.0
  },
  "eta": {
    "elapsed_seconds": 2782.806435108185,
    "eta_seconds": 2281.9012767887116,
    "progress_percent": 54.94505494505495
  },
  "samples": [],
  "stop_reason": null
}