{
  "type": "milestone",
  "timestamp_utc": "2026-06-27T08:47:20Z",
  "step": 80,
  "max_steps": 80,
  "last_train_log": {
    "loss": 3.2050376892089845,
    "grad_norm": 23.52783203125,
    "learning_rate": 9.517784181422018e-09,
    "epoch": 0.09142857142857143
  },
  "metrics": {},
  "gpu": {
    "cuda_available": true,
    "torch_allocated_mib": 14279.17333984375,
    "torch_reserved_mib": 29316.0,
    "torch_peak_allocated_mib": 28471.66455078125,
    "gpu_util_percent": 100.0,
    "vram_used_mib": 29659.0,
    "vram_total_mib": 46068.0,
    "power_watts": 283.27,
    "temperature_c": 70.0
  },
  "eta": {
    "elapsed_seconds": 234.19401144981384,
    "eta_seconds": 0.0,
    "progress_percent": 100.0
  },
  "samples": [],
  "stop_reason": null
}