{
  "type": "milestone",
  "timestamp_utc": "2026-06-27T08:45:26Z",
  "step": 40,
  "max_steps": 80,
  "last_train_log": {
    "loss": 6.787345886230469,
    "grad_norm": 50.369197845458984,
    "learning_rate": 1.2164396139381029e-05,
    "epoch": 0.045714285714285714
  },
  "metrics": {},
  "gpu": {
    "cuda_available": true,
    "torch_allocated_mib": 14279.1728515625,
    "torch_reserved_mib": 29316.0,
    "torch_peak_allocated_mib": 28471.66455078125,
    "gpu_util_percent": 90.0,
    "vram_used_mib": 29659.0,
    "vram_total_mib": 46068.0,
    "power_watts": 276.2,
    "temperature_c": 70.0
  },
  "eta": {
    "elapsed_seconds": 121.08789682388306,
    "eta_seconds": 121.08789682388306,
    "progress_percent": 50.0
  },
  "samples": [],
  "stop_reason": null
}