{
  "type": "milestone",
  "timestamp_utc": "2026-06-28T08:09:03Z",
  "step": 1000,
  "max_steps": 1642,
  "last_train_log": {
    "loss": 1.2786262512207032,
    "grad_norm": 12.362180709838867,
    "learning_rate": 3.991323217458789e-06,
    "epoch": 1.2181928995886029,
    "eval_loss": 0.29503244161605835,
    "eval_wer": 0.26596169193934555,
    "eval_cer": 0.06781215439807947,
    "eval_hallucination_rate": 0.0011806375442739079,
    "eval_language_confusion_rate": 0.0,
    "eval_runtime": 384.637,
    "eval_samples_per_second": 2.202,
    "eval_steps_per_second": 0.551
  },
  "metrics": {},
  "gpu": {
    "cuda_available": true,
    "torch_allocated_mib": 15473.37158203125,
    "torch_reserved_mib": 32790.0,
    "torch_peak_allocated_mib": 31377.78173828125,
    "gpu_util_percent": 100.0,
    "vram_used_mib": 33135.0,
    "vram_total_mib": 46068.0,
    "power_watts": 252.6,
    "temperature_c": 72.0
  },
  "eta": {
    "elapsed_seconds": 4753.562909126282,
    "eta_seconds": 3051.7873876590725,
    "progress_percent": 60.90133982947626
  },
  "samples": [],
  "stop_reason": null
}