{
  "type": "milestone",
  "timestamp_utc": "2026-06-28T06:56:29Z",
  "step": 100,
  "max_steps": 1642,
  "last_train_log": {
    "loss": 4.9445243835449215,
    "grad_norm": 43.00334930419922,
    "learning_rate": 6e-06,
    "epoch": 0.12189547463050435
  },
  "metrics": {},
  "gpu": {
    "cuda_available": true,
    "torch_allocated_mib": 15473.36962890625,
    "torch_reserved_mib": 32790.0,
    "torch_peak_allocated_mib": 30630.34423828125,
    "gpu_util_percent": 84.0,
    "vram_used_mib": 33133.0,
    "vram_total_mib": 46068.0,
    "power_watts": 263.82,
    "temperature_c": 68.0
  },
  "eta": {
    "elapsed_seconds": 399.49285435676575,
    "eta_seconds": 6160.179814181328,
    "progress_percent": 6.090133982947625
  },
  "samples": [],
  "stop_reason": null
}