{
  "type": "milestone",
  "timestamp_utc": "2026-06-27T04:42:07Z",
  "step": 1500,
  "max_steps": 1642,
  "last_train_log": {
    "loss": 6.719312286376953,
    "grad_norm": 60.75035858154297,
    "learning_rate": 3.672146648645773e-07,
    "epoch": 1.8277648672330375,
    "eval_loss": 0.32911980152130127,
    "eval_wer": 0.3120510774142059,
    "eval_cer": 0.084023413265719,
    "eval_hallucination_rate": 0.0,
    "eval_language_confusion_rate": 0.0,
    "eval_runtime": 767.4888,
    "eval_samples_per_second": 1.104,
    "eval_steps_per_second": 1.104
  },
  "metrics": {},
  "gpu": {
    "cuda_available": true,
    "torch_allocated_mib": 13125.31298828125,
    "torch_reserved_mib": 21126.0,
    "torch_peak_allocated_mib": 20175.556640625,
    "gpu_util_percent": 92.0,
    "vram_used_mib": 21471.0,
    "vram_total_mib": 46068.0,
    "power_watts": 183.26,
    "temperature_c": 58.0
  },
  "eta": {
    "elapsed_seconds": 18484.065927505493,
    "eta_seconds": 1749.8249078038532,
    "progress_percent": 91.35200974421437
  },
  "samples": [],
  "stop_reason": null
}