{
  "type": "milestone",
  "timestamp_utc": "2026-06-27T01:16:55Z",
  "step": 500,
  "max_steps": 1642,
  "last_train_log": {
    "loss": 14.017645263671875,
    "grad_norm": 77.16565704345703,
    "learning_rate": 1.4064698637472538e-05,
    "epoch": 0.6095470303630615,
    "eval_loss": 0.4455583393573761,
    "eval_wer": 0.39984038308060654,
    "eval_cer": 0.10611496237153724,
    "eval_hallucination_rate": 0.0,
    "eval_language_confusion_rate": 0.0,
    "eval_runtime": 763.5811,
    "eval_samples_per_second": 1.109,
    "eval_steps_per_second": 1.109
  },
  "metrics": {},
  "gpu": {
    "cuda_available": true,
    "torch_allocated_mib": 13124.4140625,
    "torch_reserved_mib": 21126.0,
    "torch_peak_allocated_mib": 20174.47021484375,
    "gpu_util_percent": 85.0,
    "vram_used_mib": 21471.0,
    "vram_total_mib": 46068.0,
    "power_watts": 182.69,
    "temperature_c": 53.0
  },
  "eta": {
    "elapsed_seconds": 6172.0870542526245,
    "eta_seconds": 14097.046831912996,
    "progress_percent": 30.45066991473813
  },
  "samples": [],
  "stop_reason": null
}