{
  "type": "milestone",
  "timestamp_utc": "2026-06-26T23:51:56Z",
  "step": 100,
  "max_steps": 1642,
  "last_train_log": {
    "loss": 39.48704223632812,
    "grad_norm": 196.1156005859375,
    "learning_rate": 9.6e-06,
    "epoch": 0.12190940607261229
  },
  "metrics": {},
  "gpu": {
    "cuda_available": true,
    "torch_allocated_mib": 13124.4140625,
    "torch_reserved_mib": 21118.0,
    "torch_peak_allocated_mib": 20174.47021484375,
    "gpu_util_percent": 100.0,
    "vram_used_mib": 21461.0,
    "vram_total_mib": 46068.0,
    "power_watts": 170.21,
    "temperature_c": 54.0
  },
  "eta": {
    "elapsed_seconds": 1072.8353440761566,
    "eta_seconds": 16543.121005654335,
    "progress_percent": 6.090133982947625
  },
  "samples": [],
  "stop_reason": null
}