{
  "type": "milestone",
  "timestamp_utc": "2026-06-26T14:55:21Z",
  "step": 300,
  "max_steps": 300,
  "last_train_log": {
    "loss": 11.792758178710937,
    "grad_norm": 105.48946380615234,
    "learning_rate": 1.6922999059448828e-11,
    "epoch": 1.0989350738577808,
    "eval_loss": 0.45550933480262756,
    "eval_wer": 0.40883646541383445,
    "eval_cer": 0.10882274780760032,
    "eval_hallucination_rate": 0.002366863905325444,
    "eval_language_confusion_rate": 0.0,
    "eval_runtime": 788.2871,
    "eval_samples_per_second": 1.072,
    "eval_steps_per_second": 1.072,
    "train_runtime": 5702.1872,
    "train_samples_per_second": 1.684,
    "train_steps_per_second": 0.053,
    "total_flos": 3.260579124805632e+19,
    "train_loss": 26.17031837463379
  },
  "metrics": {},
  "gpu": {
    "cuda_available": true,
    "torch_allocated_mib": 15514.44580078125,
    "torch_reserved_mib": 24776.0,
    "torch_peak_allocated_mib": 23806.29052734375,
    "gpu_util_percent": 0.0,
    "vram_used_mib": 25121.0,
    "vram_total_mib": 46068.0,
    "power_watts": 80.15,
    "temperature_c": 51.0
  },
  "eta": {
    "elapsed_seconds": 5703.926242113113,
    "eta_seconds": 0.0,
    "progress_percent": 100.0
  },
  "samples": [],
  "stop_reason": null
}