{
  "type": "milestone",
  "timestamp_utc": "2026-06-26T13:42:50Z",
  "step": 100,
  "max_steps": 300,
  "last_train_log": {
    "loss": 21.30426483154297,
    "grad_norm": 122.41499328613281,
    "learning_rate": 4.236645926147493e-07,
    "epoch": 0.3664261994732623
  },
  "metrics": {},
  "gpu": {
    "cuda_available": true,
    "torch_allocated_mib": 15562.462890625,
    "torch_reserved_mib": 24748.0,
    "torch_peak_allocated_mib": 23806.2900390625,
    "gpu_util_percent": 100.0,
    "vram_used_mib": 25091.0,
    "vram_total_mib": 46068.0,
    "power_watts": 217.45,
    "temperature_c": 65.0
  },
  "eta": {
    "elapsed_seconds": 1353.0830504894257,
    "eta_seconds": 2706.1661009788513,
    "progress_percent": 33.33333333333333
  },
  "samples": [],
  "stop_reason": null
}