{
  "type": "milestone",
  "timestamp_utc": "2026-06-24T07:41:01Z",
  "step": 300,
  "max_steps": 300,
  "last_train_log": {
    "loss": 44.61610717773438,
    "grad_norm": 231.66305541992188,
    "learning_rate": 6.769199623779531e-11,
    "epoch": 1.0989350738577808,
    "eval_loss": 1.427962303161621,
    "eval_wer": 0.6445421831267493,
    "eval_cer": 0.1610948711134733,
    "eval_hallucination_rate": 0.0,
    "eval_language_confusion_rate": 0.008284023668639054,
    "eval_runtime": 780.6824,
    "eval_samples_per_second": 1.082,
    "eval_steps_per_second": 1.082,
    "train_runtime": 4756.4454,
    "train_samples_per_second": 2.018,
    "train_steps_per_second": 0.063,
    "total_flos": 3.260579124805632e+19,
    "train_loss": 58.22489247639974
  },
  "metrics": {},
  "gpu": {
    "cuda_available": true,
    "torch_allocated_mib": 13075.93212890625,
    "torch_reserved_mib": 21126.0,
    "torch_peak_allocated_mib": 20170.283203125,
    "gpu_util_percent": 0.0,
    "vram_used_mib": 21471.0,
    "vram_total_mib": 46068.0,
    "power_watts": 78.67,
    "temperature_c": 47.0
  },
  "eta": {
    "elapsed_seconds": 4757.945387125015,
    "eta_seconds": 0.0,
    "progress_percent": 100.0
  },
  "samples": [],
  "stop_reason": null
}