{
  "type": "milestone",
  "timestamp_utc": "2026-06-24T09:18:21Z",
  "step": 100,
  "max_steps": 300,
  "last_train_log": {
    "loss": 24.787950134277345,
    "grad_norm": 94.9296875,
    "learning_rate": 1.6946583704589973e-05,
    "epoch": 0.3664261994732623
  },
  "metrics": {},
  "gpu": {
    "cuda_available": true,
    "torch_allocated_mib": 13124.4140625,
    "torch_reserved_mib": 21114.0,
    "torch_peak_allocated_mib": 20170.283203125,
    "gpu_util_percent": 70.0,
    "vram_used_mib": 21457.0,
    "vram_total_mib": 46068.0,
    "power_watts": 173.31,
    "temperature_c": 59.0
  },
  "eta": {
    "elapsed_seconds": 1047.2045466899872,
    "eta_seconds": 2094.4090933799744,
    "progress_percent": 33.33333333333333
  },
  "samples": [],
  "stop_reason": null
}