{
  "type": "milestone",
  "timestamp_utc": "2026-06-25T21:51:38Z",
  "step": 1500,
  "max_steps": 1642,
  "last_train_log": {
    "loss": 7.208233642578125,
    "grad_norm": 77.99834442138672,
    "learning_rate": 1.1475458277018042e-07,
    "epoch": 1.8277648672330375,
    "eval_loss": 0.30807700753211975,
    "eval_wer": 0.2789305666400638,
    "eval_cer": 0.07560758503493108,
    "eval_hallucination_rate": 0.0,
    "eval_language_confusion_rate": 0.0011806375442739079,
    "eval_runtime": 700.0824,
    "eval_samples_per_second": 1.21,
    "eval_steps_per_second": 0.606
  },
  "metrics": {},
  "gpu": {
    "cuda_available": true,
    "torch_allocated_mib": 14329.52587890625,
    "torch_reserved_mib": 22826.0,
    "torch_peak_allocated_mib": 21974.939453125,
    "gpu_util_percent": 100.0,
    "vram_used_mib": 25504.0,
    "vram_total_mib": 46068.0,
    "power_watts": 238.15,
    "temperature_c": 64.0
  },
  "eta": {
    "elapsed_seconds": 24467.403838157654,
    "eta_seconds": 2316.2475633455915,
    "progress_percent": 91.35200974421437
  },
  "samples": [],
  "stop_reason": null
}