{
  "type": "milestone",
  "timestamp_utc": "2026-06-25T19:35:36Z",
  "step": 1000,
  "max_steps": 1642,
  "last_train_log": {
    "loss": 8.095606231689453,
    "grad_norm": 85.14366912841797,
    "learning_rate": 1.9956616087293943e-06,
    "epoch": 1.218217836869976,
    "eval_loss": 0.3373154401779175,
    "eval_wer": 0.29728651237031123,
    "eval_cer": 0.07833193968656435,
    "eval_hallucination_rate": 0.0,
    "eval_language_confusion_rate": 0.0,
    "eval_runtime": 700.7372,
    "eval_samples_per_second": 1.209,
    "eval_steps_per_second": 0.605
  },
  "metrics": {},
  "gpu": {
    "cuda_available": true,
    "torch_allocated_mib": 14329.525390625,
    "torch_reserved_mib": 22826.0,
    "torch_peak_allocated_mib": 21974.93896484375,
    "gpu_util_percent": 100.0,
    "vram_used_mib": 25504.0,
    "vram_total_mib": 46068.0,
    "power_watts": 227.89,
    "temperature_c": 64.0
  },
  "eta": {
    "elapsed_seconds": 16305.490736722946,
    "eta_seconds": 10468.125052976131,
    "progress_percent": 60.90133982947626
  },
  "samples": [],
  "stop_reason": null
}