{
  "type": "milestone",
  "timestamp_utc": "2026-06-24T07:59:02Z",
  "step": 100,
  "max_steps": 300,
  "last_train_log": {
    "loss": 29.01395263671875,
    "grad_norm": 128.9692840576172,
    "learning_rate": 6.778633481835989e-06,
    "epoch": 0.3664261994732623
  },
  "metrics": {},
  "gpu": {
    "cuda_available": true,
    "torch_allocated_mib": 13124.4140625,
    "torch_reserved_mib": 21114.0,
    "torch_peak_allocated_mib": 20170.283203125,
    "gpu_util_percent": 100.0,
    "vram_used_mib": 21457.0,
    "vram_total_mib": 46068.0,
    "power_watts": 169.98,
    "temperature_c": 56.0
  },
  "eta": {
    "elapsed_seconds": 1052.5317776203156,
    "eta_seconds": 2105.063555240631,
    "progress_percent": 33.33333333333333
  },
  "samples": [],
  "stop_reason": null
}