{
  "type": "milestone",
  "timestamp_utc": "2026-06-24T08:47:16Z",
  "step": 300,
  "max_steps": 300,
  "last_train_log": {
    "loss": 16.372634887695312,
    "grad_norm": 103.35359954833984,
    "learning_rate": 2.7076798495118125e-10,
    "epoch": 1.0989350738577808,
    "eval_loss": 0.6979227662086487,
    "eval_wer": 0.5397840863654538,
    "eval_cer": 0.14214722296040394,
    "eval_hallucination_rate": 0.001183431952662722,
    "eval_language_confusion_rate": 0.001183431952662722,
    "eval_runtime": 762.0204,
    "eval_samples_per_second": 1.109,
    "eval_steps_per_second": 1.109
  },
  "metrics": {},
  "gpu": {
    "cuda_available": true,
    "torch_allocated_mib": 13125.3125,
    "torch_reserved_mib": 21140.0,
    "torch_peak_allocated_mib": 20170.283203125,
    "gpu_util_percent": 94.0,
    "vram_used_mib": 21485.0,
    "vram_total_mib": 46068.0,
    "power_watts": 194.07,
    "temperature_c": 58.0
  },
  "eta": {
    "elapsed_seconds": 3946.9943351745605,
    "eta_seconds": 0.0,
    "progress_percent": 100.0
  },
  "samples": [],
  "stop_reason": null
}