{
  "type": "milestone",
  "timestamp_utc": "2026-06-27T06:49:58Z",
  "step": 200,
  "max_steps": 1642,
  "last_train_log": {
    "loss": 15.755143737792968,
    "grad_norm": 136.8660888671875,
    "learning_rate": 4.993465425467732e-07,
    "epoch": 0.24381881214522458,
    "eval_loss": 0.4600754380226135,
    "eval_wer": 0.3697126895450918,
    "eval_cer": 0.09254713673023494,
    "eval_hallucination_rate": 0.0,
    "eval_language_confusion_rate": 0.0,
    "eval_runtime": 783.9403,
    "eval_samples_per_second": 1.08,
    "eval_steps_per_second": 1.08
  },
  "metrics": {},
  "gpu": {
    "cuda_available": true,
    "torch_allocated_mib": 18028.337890625,
    "torch_reserved_mib": 28718.0,
    "torch_peak_allocated_mib": 27474.02880859375,
    "gpu_util_percent": 0.0,
    "vram_used_mib": 29063.0,
    "vram_total_mib": 46068.0,
    "power_watts": 135.21,
    "temperature_c": 56.0
  },
  "eta": {
    "elapsed_seconds": 4027.186041355133,
    "eta_seconds": 29036.011358170508,
    "progress_percent": 12.18026796589525
  },
  "samples": [],
  "stop_reason": null
}