{
  "type": "milestone",
  "timestamp_utc": "2026-06-25T10:18:00Z",
  "step": 500,
  "max_steps": 1642,
  "last_train_log": {
    "loss": 13.9999267578125,
    "grad_norm": 97.56753540039062,
    "learning_rate": 1.7580873296840672e-06,
    "epoch": 0.6095470303630615,
    "eval_loss": 0.4478258788585663,
    "eval_wer": 0.39305666400638467,
    "eval_cer": 0.10349850295363203,
    "eval_hallucination_rate": 0.0,
    "eval_language_confusion_rate": 0.0011806375442739079,
    "eval_runtime": 543.2812,
    "eval_samples_per_second": 1.559,
    "eval_steps_per_second": 0.78
  },
  "metrics": {},
  "gpu": {
    "cuda_available": true,
    "torch_allocated_mib": 14329.525390625,
    "torch_reserved_mib": 22826.0,
    "torch_peak_allocated_mib": 21974.93896484375,
    "gpu_util_percent": 99.0,
    "vram_used_mib": 23171.0,
    "vram_total_mib": 46068.0,
    "power_watts": 207.23,
    "temperature_c": 60.0
  },
  "eta": {
    "elapsed_seconds": 6577.316983699799,
    "eta_seconds": 15022.591990770341,
    "progress_percent": 30.45066991473813
  },
  "samples": [],
  "stop_reason": null
}