{
  "type": "milestone",
  "timestamp_utc": "2026-06-25T13:57:29Z",
  "step": 1500,
  "max_steps": 1642,
  "last_train_log": {
    "loss": 7.834219360351563,
    "grad_norm": 77.13346862792969,
    "learning_rate": 4.5901833108072166e-08,
    "epoch": 1.8277648672330375,
    "eval_loss": 0.328704297542572,
    "eval_wer": 0.3026735833998404,
    "eval_cer": 0.08027405389366925,
    "eval_hallucination_rate": 0.0,
    "eval_language_confusion_rate": 0.0011806375442739079,
    "eval_runtime": 545.5864,
    "eval_samples_per_second": 1.552,
    "eval_steps_per_second": 0.777
  },
  "metrics": {},
  "gpu": {
    "cuda_available": true,
    "torch_allocated_mib": 14329.52587890625,
    "torch_reserved_mib": 22826.0,
    "torch_peak_allocated_mib": 21974.939453125,
    "gpu_util_percent": 100.0,
    "vram_used_mib": 23171.0,
    "vram_total_mib": 46068.0,
    "power_watts": 181.91,
    "temperature_c": 60.0
  },
  "eta": {
    "elapsed_seconds": 19745.540882587433,
    "eta_seconds": 1869.2445368849435,
    "progress_percent": 91.35200974421437
  },
  "samples": [],
  "stop_reason": null
}