{
  "type": "milestone",
  "timestamp_utc": "2026-06-25T12:07:55Z",
  "step": 1000,
  "max_steps": 1642,
  "last_train_log": {
    "loss": 8.760688781738281,
    "grad_norm": 94.43385314941406,
    "learning_rate": 7.982646434917576e-07,
    "epoch": 1.218217836869976,
    "eval_loss": 0.35527318716049194,
    "eval_wer": 0.31524341580207504,
    "eval_cer": 0.08367275375610282,
    "eval_hallucination_rate": 0.0,
    "eval_language_confusion_rate": 0.0011806375442739079,
    "eval_runtime": 545.4872,
    "eval_samples_per_second": 1.553,
    "eval_steps_per_second": 0.777
  },
  "metrics": {},
  "gpu": {
    "cuda_available": true,
    "torch_allocated_mib": 14329.525390625,
    "torch_reserved_mib": 22826.0,
    "torch_peak_allocated_mib": 21974.93896484375,
    "gpu_util_percent": 100.0,
    "vram_used_mib": 23171.0,
    "vram_total_mib": 46068.0,
    "power_watts": 181.03,
    "temperature_c": 62.0
  },
  "eta": {
    "elapsed_seconds": 13172.153408288956,
    "eta_seconds": 8456.522488121509,
    "progress_percent": 60.90133982947626
  },
  "samples": [],
  "stop_reason": null
}