{
  "type": "milestone",
  "timestamp_utc": "2026-06-25T08:48:29Z",
  "step": 100,
  "max_steps": 1642,
  "last_train_log": {
    "loss": 48.1871337890625,
    "grad_norm": 277.51617431640625,
    "learning_rate": 1.2e-06,
    "epoch": 0.12190940607261229
  },
  "metrics": {},
  "gpu": {
    "cuda_available": true,
    "torch_allocated_mib": 14329.525390625,
    "torch_reserved_mib": 22816.0,
    "torch_peak_allocated_mib": 21974.93896484375,
    "gpu_util_percent": 100.0,
    "vram_used_mib": 23159.0,
    "vram_total_mib": 46068.0,
    "power_watts": 181.07,
    "temperature_c": 60.0
  },
  "eta": {
    "elapsed_seconds": 1205.468472480774,
    "eta_seconds": 18588.323845653533,
    "progress_percent": 6.090133982947625
  },
  "samples": [],
  "stop_reason": null
}