{
  "type": "milestone",
  "timestamp_utc": "2026-06-27T08:33:35Z",
  "step": 40,
  "max_steps": 80,
  "last_train_log": {
    "loss": 11.203773498535156,
    "grad_norm": 54.82316589355469,
    "learning_rate": 1.2164396139381029e-05,
    "epoch": 0.04875818985220174
  },
  "metrics": {},
  "gpu": {
    "cuda_available": true,
    "torch_allocated_mib": 14294.43505859375,
    "torch_reserved_mib": 27758.0,
    "torch_peak_allocated_mib": 25942.794921875,
    "gpu_util_percent": 100.0,
    "vram_used_mib": 28101.0,
    "vram_total_mib": 46068.0,
    "power_watts": 288.62,
    "temperature_c": 69.0
  },
  "eta": {
    "elapsed_seconds": 140.29953956604004,
    "eta_seconds": 140.29953956604004,
    "progress_percent": 50.0
  },
  "samples": [],
  "stop_reason": null
}