{
  "type": "milestone",
  "timestamp_utc": "2026-06-27T08:42:39Z",
  "step": 80,
  "max_steps": 80,
  "last_train_log": {
    "loss": 5.856454849243164,
    "grad_norm": 31.737653732299805,
    "learning_rate": 9.517784181422018e-09,
    "epoch": 0.09751637970440348,
    "eval_loss": 0.6193211674690247,
    "eval_wer": 0.5115722266560255,
    "eval_cer": 0.13098481374585277,
    "eval_hallucination_rate": 0.0011806375442739079,
    "eval_language_confusion_rate": 0.0011806375442739079,
    "eval_runtime": 387.4222,
    "eval_samples_per_second": 2.186,
    "eval_steps_per_second": 0.547,
    "train_runtime": 681.8316,
    "train_samples_per_second": 3.755,
    "train_steps_per_second": 0.117,
    "total_flos": 8.6975956647936e+18,
    "train_loss": 9.676546955108643
  },
  "metrics": {},
  "gpu": {
    "cuda_available": true,
    "torch_allocated_mib": 14247.00244140625,
    "torch_reserved_mib": 27784.0,
    "torch_peak_allocated_mib": 26060.74267578125,
    "gpu_util_percent": 4.0,
    "vram_used_mib": 28129.0,
    "vram_total_mib": 46068.0,
    "power_watts": 80.27,
    "temperature_c": 49.0
  },
  "eta": {
    "elapsed_seconds": 683.9122724533081,
    "eta_seconds": 0.0,
    "progress_percent": 100.0
  },
  "samples": [],
  "stop_reason": null
}