{
  "type": "milestone",
  "timestamp_utc": "2026-06-24T17:11:30Z",
  "step": 500,
  "max_steps": 1642,
  "last_train_log": {
    "loss": 7.634968566894531,
    "grad_norm": 47.17144775390625,
    "learning_rate": 7.032349318736269e-06,
    "epoch": 0.6095238095238096,
    "eval_loss": 0.4894188344478607,
    "eval_wer": 0.49241819632881084,
    "eval_cer": 0.1384026110646562,
    "eval_hallucination_rate": 0.0023612750885478157,
    "eval_language_confusion_rate": 0.0,
    "eval_runtime": 547.0672,
    "eval_samples_per_second": 1.548,
    "eval_steps_per_second": 0.775
  },
  "metrics": {},
  "gpu": {
    "cuda_available": true,
    "torch_allocated_mib": 13121.05810546875,
    "torch_reserved_mib": 21278.0,
    "torch_peak_allocated_mib": 20139.20849609375,
    "gpu_util_percent": 100.0,
    "vram_used_mib": 21623.0,
    "vram_total_mib": 46068.0,
    "power_watts": 189.7,
    "temperature_c": 60.0
  },
  "eta": {
    "elapsed_seconds": 3967.7379112243652,
    "eta_seconds": 9062.313389236451,
    "progress_percent": 30.45066991473813
  },
  "samples": [],
  "stop_reason": null
}