{
  "type": "milestone",
  "timestamp_utc": "2026-06-24T18:12:08Z",
  "step": 1000,
  "max_steps": 1642,
  "last_train_log": {
    "loss": 4.928601837158203,
    "grad_norm": 42.31140899658203,
    "learning_rate": 3.1930585739670303e-06,
    "epoch": 1.2182095238095239,
    "eval_loss": 0.3957516551017761,
    "eval_wer": 1.13926576217079,
    "eval_cer": 0.7212256898551507,
    "eval_hallucination_rate": 0.07083825265643448,
    "eval_language_confusion_rate": 0.0,
    "eval_runtime": 866.6887,
    "eval_samples_per_second": 0.977,
    "eval_steps_per_second": 0.489
  },
  "metrics": {},
  "gpu": {
    "cuda_available": true,
    "torch_allocated_mib": 13121.05712890625,
    "torch_reserved_mib": 21286.0,
    "torch_peak_allocated_mib": 20139.20849609375,
    "gpu_util_percent": 100.0,
    "vram_used_mib": 21631.0,
    "vram_total_mib": 46068.0,
    "power_watts": 203.79,
    "temperature_c": 59.0
  },
  "eta": {
    "elapsed_seconds": 7605.8622534275055,
    "eta_seconds": 4882.963566700459,
    "progress_percent": 60.90133982947626
  },
  "samples": [],
  "stop_reason": null
}