{
  "type": "milestone",
  "timestamp_utc": "2026-06-24T16:17:24Z",
  "step": 100,
  "max_steps": 1642,
  "last_train_log": {
    "loss": 26.592800903320313,
    "grad_norm": 125.12435150146484,
    "learning_rate": 4.8e-06,
    "epoch": 0.1219047619047619
  },
  "metrics": {},
  "gpu": {
    "cuda_available": true,
    "torch_allocated_mib": 13121.0556640625,
    "torch_reserved_mib": 21232.0,
    "torch_peak_allocated_mib": 20139.2060546875,
    "gpu_util_percent": 100.0,
    "vram_used_mib": 25828.0,
    "vram_total_mib": 46068.0,
    "power_watts": 230.4,
    "temperature_c": 62.0
  },
  "eta": {
    "elapsed_seconds": 721.7503383159637,
    "eta_seconds": 11129.39021683216,
    "progress_percent": 6.090133982947625
  },
  "samples": [],
  "stop_reason": null
}