{
  "type": "milestone",
  "timestamp_utc": "2026-06-26T15:18:49Z",
  "step": 100,
  "max_steps": 300,
  "last_train_log": {
    "loss": 21.6240478515625,
    "grad_norm": 126.93019104003906,
    "learning_rate": 8.473291852294986e-07,
    "epoch": 0.3664261994732623
  },
  "metrics": {},
  "gpu": {
    "cuda_available": true,
    "torch_allocated_mib": 15562.462890625,
    "torch_reserved_mib": 24748.0,
    "torch_peak_allocated_mib": 23806.2900390625,
    "gpu_util_percent": 93.0,
    "vram_used_mib": 25091.0,
    "vram_total_mib": 46068.0,
    "power_watts": 177.98,
    "temperature_c": 62.0
  },
  "eta": {
    "elapsed_seconds": 1372.7967238426208,
    "eta_seconds": 2745.5934476852417,
    "progress_percent": 33.33333333333333
  },
  "samples": [],
  "stop_reason": null
}