{
  "type": "milestone",
  "timestamp_utc": "2026-06-26T16:31:52Z",
  "step": 300,
  "max_steps": 300,
  "last_train_log": {
    "loss": 11.497017669677735,
    "grad_norm": 101.075927734375,
    "learning_rate": 3.3845998118897657e-11,
    "epoch": 1.0989350738577808,
    "eval_loss": 0.44176939129829407,
    "eval_wer": 0.3848460615753698,
    "eval_cer": 0.10289662503321818,
    "eval_hallucination_rate": 0.002366863905325444,
    "eval_language_confusion_rate": 0.0,
    "eval_runtime": 789.5103,
    "eval_samples_per_second": 1.07,
    "eval_steps_per_second": 1.07,
    "train_runtime": 5753.74,
    "train_samples_per_second": 1.668,
    "train_steps_per_second": 0.052,
    "total_flos": 3.260579124805632e+19,
    "train_loss": 25.78484817504883
  },
  "metrics": {},
  "gpu": {
    "cuda_available": true,
    "torch_allocated_mib": 15514.44580078125,
    "torch_reserved_mib": 24776.0,
    "torch_peak_allocated_mib": 23806.29052734375,
    "gpu_util_percent": 0.0,
    "vram_used_mib": 25121.0,
    "vram_total_mib": 46068.0,
    "power_watts": 78.93,
    "temperature_c": 47.0
  },
  "eta": {
    "elapsed_seconds": 5755.392465591431,
    "eta_seconds": 0.0,
    "progress_percent": 100.0
  },
  "samples": [],
  "stop_reason": null
}