{
  "type": "milestone",
  "timestamp_utc": "2026-06-27T23:39:22Z",
  "step": 100,
  "max_steps": 1642,
  "last_train_log": {
    "loss": 30.642266845703126,
    "grad_norm": 239.31536865234375,
    "learning_rate": 1.2e-05,
    "epoch": 0.12190940607261229
  },
  "metrics": {},
  "gpu": {
    "cuda_available": true,
    "torch_allocated_mib": 18028.462890625,
    "torch_reserved_mib": 32310.0,
    "torch_peak_allocated_mib": 30508.31689453125,
    "gpu_util_percent": 100.0,
    "vram_used_mib": 32653.0,
    "vram_total_mib": 46068.0,
    "power_watts": 221.74,
    "temperature_c": 63.0
  },
  "eta": {
    "elapsed_seconds": 960.396005153656,
    "eta_seconds": 14809.306399469377,
    "progress_percent": 6.090133982947625
  },
  "samples": [],
  "stop_reason": null
}