{
  "type": "milestone",
  "timestamp_utc": "2026-06-24T14:26:40Z",
  "step": 100,
  "max_steps": 546,
  "last_train_log": {
    "loss": 11.400265502929688,
    "grad_norm": 45.88931655883789,
    "learning_rate": 1.9606321420101514e-05,
    "epoch": 0.36638424547744447
  },
  "metrics": {},
  "gpu": {
    "cuda_available": true,
    "torch_allocated_mib": 13121.74267578125,
    "torch_reserved_mib": 21228.0,
    "torch_peak_allocated_mib": 20140.8525390625,
    "gpu_util_percent": 100.0,
    "vram_used_mib": 21571.0,
    "vram_total_mib": 46068.0,
    "power_watts": 205.04,
    "temperature_c": 63.0
  },
  "eta": {
    "elapsed_seconds": 568.956285238266,
    "eta_seconds": 2537.5450321626663,
    "progress_percent": 18.315018315018314
  },
  "samples": [],
  "stop_reason": null
}