{
  "type": "milestone",
  "timestamp_utc": "2026-06-24T15:10:12Z",
  "step": 300,
  "max_steps": 546,
  "last_train_log": {
    "loss": 4.880884170532227,
    "grad_norm": 38.71132278442383,
    "learning_rate": 1.009597386223241e-05,
    "epoch": 1.09892374627891,
    "eval_loss": 0.46712255477905273,
    "eval_wer": 1.8184726109556177,
    "eval_cer": 0.7695987244220037,
    "eval_hallucination_rate": 0.06863905325443787,
    "eval_language_confusion_rate": 0.0,
    "eval_runtime": 912.1406,
    "eval_samples_per_second": 0.926,
    "eval_steps_per_second": 0.464
  },
  "metrics": {},
  "gpu": {
    "cuda_available": true,
    "torch_allocated_mib": 13121.74072265625,
    "torch_reserved_mib": 21280.0,
    "torch_peak_allocated_mib": 20140.8525390625,
    "gpu_util_percent": 0.0,
    "vram_used_mib": 21625.0,
    "vram_total_mib": 46068.0,
    "power_watts": 127.41,
    "temperature_c": 54.0
  },
  "eta": {
    "elapsed_seconds": 3180.8459334373474,
    "eta_seconds": 2608.2936654186246,
    "progress_percent": 54.94505494505495
  },
  "samples": [],
  "stop_reason": null
}