{
  "type": "milestone",
  "timestamp_utc": "2026-06-27T09:28:47Z",
  "step": 500,
  "max_steps": 1642,
  "last_train_log": {
    "loss": 2.9133026123046877,
    "grad_norm": 24.91493034362793,
    "learning_rate": 1.7580873296840676e-05,
    "epoch": 0.6094773731525217,
    "eval_loss": 0.38179290294647217,
    "eval_wer": 0.33978451715881886,
    "eval_cer": 0.08526420845359156,
    "eval_hallucination_rate": 0.0,
    "eval_language_confusion_rate": 0.0,
    "eval_runtime": 382.0236,
    "eval_samples_per_second": 2.217,
    "eval_steps_per_second": 0.555
  },
  "metrics": {},
  "gpu": {
    "cuda_available": true,
    "torch_allocated_mib": 14294.43115234375,
    "torch_reserved_mib": 27912.0,
    "torch_peak_allocated_mib": 26794.3037109375,
    "gpu_util_percent": 88.0,
    "vram_used_mib": 28257.0,
    "vram_total_mib": 46068.0,
    "power_watts": 280.96,
    "temperature_c": 69.0
  },
  "eta": {
    "elapsed_seconds": 2068.849875688553,
    "eta_seconds": 4725.253116072655,
    "progress_percent": 30.45066991473813
  },
  "samples": [],
  "stop_reason": null
}