{
  "type": "milestone",
  "timestamp_utc": "2026-06-27T10:03:13Z",
  "step": 1000,
  "max_steps": 1642,
  "last_train_log": {
    "loss": 1.383293342590332,
    "grad_norm": 17.100183486938477,
    "learning_rate": 7.982646434917577e-06,
    "epoch": 1.2181928995886029,
    "eval_loss": 0.29833683371543884,
    "eval_wer": 0.27673583399840385,
    "eval_cer": 0.07040164000755267,
    "eval_hallucination_rate": 0.0,
    "eval_language_confusion_rate": 0.0,
    "eval_runtime": 382.8367,
    "eval_samples_per_second": 2.212,
    "eval_steps_per_second": 0.554
  },
  "metrics": {},
  "gpu": {
    "cuda_available": true,
    "torch_allocated_mib": 14294.43408203125,
    "torch_reserved_mib": 27912.0,
    "torch_peak_allocated_mib": 26794.3037109375,
    "gpu_util_percent": 100.0,
    "vram_used_mib": 28257.0,
    "vram_total_mib": 46068.0,
    "power_watts": 276.34,
    "temperature_c": 73.0
  },
  "eta": {
    "elapsed_seconds": 4134.2791583538055,
    "eta_seconds": 2654.2072196631434,
    "progress_percent": 60.90133982947626
  },
  "samples": [],
  "stop_reason": null
}