{
  "type": "milestone",
  "timestamp_utc": "2026-06-27T10:37:50Z",
  "step": 1500,
  "max_steps": 1642,
  "last_train_log": {
    "loss": 1.1539445877075196,
    "grad_norm": 11.054961204528809,
    "learning_rate": 4.590183310807217e-07,
    "epoch": 1.8276702727411245,
    "eval_loss": 0.2586989402770996,
    "eval_wer": 0.2162809257781325,
    "eval_cer": 0.057616054810778736,
    "eval_hallucination_rate": 0.0,
    "eval_language_confusion_rate": 0.0,
    "eval_runtime": 387.0157,
    "eval_samples_per_second": 2.189,
    "eval_steps_per_second": 0.548
  },
  "metrics": {},
  "gpu": {
    "cuda_available": true,
    "torch_allocated_mib": 14294.43359375,
    "torch_reserved_mib": 27912.0,
    "torch_peak_allocated_mib": 26794.3037109375,
    "gpu_util_percent": 100.0,
    "vram_used_mib": 28257.0,
    "vram_total_mib": 46068.0,
    "power_watts": 265.42,
    "temperature_c": 72.0
  },
  "eta": {
    "elapsed_seconds": 6211.772607564926,
    "eta_seconds": 588.0478068494797,
    "progress_percent": 91.35200974421437
  },
  "samples": [],
  "stop_reason": null
}