{
  "type": "milestone",
  "timestamp_utc": "2026-06-27T08:59:57Z",
  "step": 100,
  "max_steps": 1642,
  "last_train_log": {
    "loss": 6.186217880249023,
    "grad_norm": 55.06812286376953,
    "learning_rate": 1.2e-05,
    "epoch": 0.12189547463050435
  },
  "metrics": {},
  "gpu": {
    "cuda_available": true,
    "torch_allocated_mib": 14294.43212890625,
    "torch_reserved_mib": 27784.0,
    "torch_peak_allocated_mib": 26060.74267578125,
    "gpu_util_percent": 100.0,
    "vram_used_mib": 28127.0,
    "vram_total_mib": 46068.0,
    "power_watts": 273.77,
    "temperature_c": 69.0
  },
  "eta": {
    "elapsed_seconds": 338.7451548576355,
    "eta_seconds": 5223.4502879047395,
    "progress_percent": 6.090133982947625
  },
  "samples": [],
  "stop_reason": null
}