{
  "type": "milestone",
  "timestamp_utc": "2026-06-27T12:23:38Z",
  "step": 1000,
  "max_steps": 1642,
  "last_train_log": {
    "loss": 1.2412496566772462,
    "grad_norm": 15.840363502502441,
    "learning_rate": 7.982646434917577e-06,
    "epoch": 1.2181928995886029,
    "eval_loss": 0.27942827343940735,
    "eval_wer": 0.25139664804469275,
    "eval_cer": 0.06217462843578885,
    "eval_hallucination_rate": 0.0,
    "eval_language_confusion_rate": 0.0,
    "eval_runtime": 385.3843,
    "eval_samples_per_second": 2.198,
    "eval_steps_per_second": 0.55
  },
  "metrics": {},
  "gpu": {
    "cuda_available": true,
    "torch_allocated_mib": 15473.37158203125,
    "torch_reserved_mib": 32790.0,
    "torch_peak_allocated_mib": 31377.78173828125,
    "gpu_util_percent": 100.0,
    "vram_used_mib": 33135.0,
    "vram_total_mib": 46068.0,
    "power_watts": 281.68,
    "temperature_c": 71.0
  },
  "eta": {
    "elapsed_seconds": 4790.455530405045,
    "eta_seconds": 3075.472450520039,
    "progress_percent": 60.90133982947626
  },
  "samples": [],
  "stop_reason": null
}