{
  "type": "milestone",
  "timestamp_utc": "2026-06-27T11:10:30Z",
  "step": 100,
  "max_steps": 1642,
  "last_train_log": {
    "loss": 5.226448440551758,
    "grad_norm": 48.4629020690918,
    "learning_rate": 1.2e-05,
    "epoch": 0.12189547463050435
  },
  "metrics": {},
  "gpu": {
    "cuda_available": true,
    "torch_allocated_mib": 15473.36962890625,
    "torch_reserved_mib": 32790.0,
    "torch_peak_allocated_mib": 30630.34423828125,
    "gpu_util_percent": 100.0,
    "vram_used_mib": 33133.0,
    "vram_total_mib": 46068.0,
    "power_watts": 265.87,
    "temperature_c": 72.0
  },
  "eta": {
    "elapsed_seconds": 402.7069802284241,
    "eta_seconds": 6209.741635122299,
    "progress_percent": 6.090133982947625
  },
  "samples": [],
  "stop_reason": null
}