{
  "type": "milestone",
  "timestamp_utc": "2026-06-27T11:43:49Z",
  "step": 500,
  "max_steps": 1642,
  "last_train_log": {
    "loss": 2.698487091064453,
    "grad_norm": 24.255022048950195,
    "learning_rate": 1.7580873296840676e-05,
    "epoch": 0.6094773731525217,
    "eval_loss": 0.3518593907356262,
    "eval_wer": 0.3078611332801277,
    "eval_cer": 0.0782510182612683,
    "eval_hallucination_rate": 0.0023612750885478157,
    "eval_language_confusion_rate": 0.0,
    "eval_runtime": 385.1199,
    "eval_samples_per_second": 2.199,
    "eval_steps_per_second": 0.55
  },
  "metrics": {},
  "gpu": {
    "cuda_available": true,
    "torch_allocated_mib": 15473.36865234375,
    "torch_reserved_mib": 32790.0,
    "torch_peak_allocated_mib": 31377.78173828125,
    "gpu_util_percent": 93.0,
    "vram_used_mib": 33135.0,
    "vram_total_mib": 46068.0,
    "power_watts": 263.02,
    "temperature_c": 71.0
  },
  "eta": {
    "elapsed_seconds": 2401.602642059326,
    "eta_seconds": 5485.260434463501,
    "progress_percent": 30.45066991473813
  },
  "samples": [],
  "stop_reason": null
}