{
  "type": "milestone",
  "timestamp_utc": "2026-06-28T01:17:41Z",
  "step": 100,
  "max_steps": 1642,
  "last_train_log": {
    "loss": 33.434732055664064,
    "grad_norm": 190.11801147460938,
    "learning_rate": 6e-06,
    "epoch": 0.12190940607261229
  },
  "metrics": {},
  "gpu": {
    "cuda_available": true,
    "torch_allocated_mib": 18028.462890625,
    "torch_reserved_mib": 32310.0,
    "torch_peak_allocated_mib": 30508.31689453125,
    "gpu_util_percent": 100.0,
    "vram_used_mib": 32653.0,
    "vram_total_mib": 46068.0,
    "power_watts": 226.83,
    "temperature_c": 63.0
  },
  "eta": {
    "elapsed_seconds": 963.2319557666779,
    "eta_seconds": 14853.036757922173,
    "progress_percent": 6.090133982947625
  },
  "samples": [],
  "stop_reason": null
}