{
  "type": "milestone",
  "timestamp_utc": "2026-06-28T12:56:24Z",
  "step": 100,
  "max_steps": 1642,
  "last_train_log": {
    "loss": 5.181402206420898,
    "grad_norm": 50.38690185546875,
    "learning_rate": 6e-06,
    "epoch": 0.12189547463050435
  },
  "metrics": {},
  "gpu": {
    "cuda_available": true,
    "torch_allocated_mib": 16662.30712890625,
    "torch_reserved_mib": 37684.0,
    "torch_peak_allocated_mib": 35201.56689453125,
    "gpu_util_percent": 100.0,
    "vram_used_mib": 38027.0,
    "vram_total_mib": 46068.0,
    "power_watts": 285.4,
    "temperature_c": 71.0
  },
  "eta": {
    "elapsed_seconds": 465.5864477157593,
    "eta_seconds": 7179.343023777008,
    "progress_percent": 6.090133982947625
  },
  "samples": [],
  "stop_reason": null
}