{
  "type": "milestone",
  "timestamp_utc": "2026-06-28T13:33:52Z",
  "step": 500,
  "max_steps": 1642,
  "last_train_log": {
    "loss": 2.7258331298828127,
    "grad_norm": 26.392900466918945,
    "learning_rate": 8.790436648420338e-06,
    "epoch": 0.6094773731525217,
    "eval_loss": 0.355428010225296,
    "eval_wer": 0.3112529928172386,
    "eval_cer": 0.07487929220726675,
    "eval_hallucination_rate": 0.0,
    "eval_language_confusion_rate": 0.0,
    "eval_runtime": 385.8091,
    "eval_samples_per_second": 2.195,
    "eval_steps_per_second": 0.549
  },
  "metrics": {},
  "gpu": {
    "cuda_available": true,
    "torch_allocated_mib": 16662.30615234375,
    "torch_reserved_mib": 37684.0,
    "torch_peak_allocated_mib": 35953.32080078125,
    "gpu_util_percent": 100.0,
    "vram_used_mib": 38029.0,
    "vram_total_mib": 46068.0,
    "power_watts": 266.51,
    "temperature_c": 66.0
  },
  "eta": {
    "elapsed_seconds": 2713.254359960556,
    "eta_seconds": 6197.07295814991,
    "progress_percent": 30.45066991473813
  },
  "samples": [],
  "stop_reason": null
}