{
  "type": "milestone",
  "timestamp_utc": "2026-06-28T14:18:56Z",
  "step": 1000,
  "max_steps": 1642,
  "last_train_log": {
    "loss": 1.228703498840332,
    "grad_norm": 15.897711753845215,
    "learning_rate": 3.991323217458789e-06,
    "epoch": 1.2181928995886029,
    "eval_loss": 0.2760585844516754,
    "eval_wer": 0.2559856344772546,
    "eval_cer": 0.06233647128638092,
    "eval_hallucination_rate": 0.0,
    "eval_language_confusion_rate": 0.0,
    "eval_runtime": 384.9057,
    "eval_samples_per_second": 2.201,
    "eval_steps_per_second": 0.551
  },
  "metrics": {},
  "gpu": {
    "cuda_available": true,
    "torch_allocated_mib": 16662.30908203125,
    "torch_reserved_mib": 37684.0,
    "torch_peak_allocated_mib": 35953.32080078125,
    "gpu_util_percent": 79.0,
    "vram_used_mib": 38029.0,
    "vram_total_mib": 46068.0,
    "power_watts": 265.92,
    "temperature_c": 66.0
  },
  "eta": {
    "elapsed_seconds": 5416.749474287033,
    "eta_seconds": 3477.553162492275,
    "progress_percent": 60.90133982947626
  },
  "samples": [],
  "stop_reason": null
}