{
  "type": "milestone",
  "timestamp_utc": "2026-06-28T15:04:04Z",
  "step": 1500,
  "max_steps": 1642,
  "last_train_log": {
    "loss": 0.9851369857788086,
    "grad_norm": 13.357544898986816,
    "learning_rate": 2.2950916554036084e-07,
    "epoch": 1.8276702727411245,
    "eval_loss": 0.24031081795692444,
    "eval_wer": 0.21288906624102155,
    "eval_cer": 0.0616351522671486,
    "eval_hallucination_rate": 0.0011806375442739079,
    "eval_language_confusion_rate": 0.0,
    "eval_runtime": 395.9679,
    "eval_samples_per_second": 2.139,
    "eval_steps_per_second": 0.535
  },
  "metrics": {},
  "gpu": {
    "cuda_available": true,
    "torch_allocated_mib": 16662.30859375,
    "torch_reserved_mib": 37684.0,
    "torch_peak_allocated_mib": 35953.32080078125,
    "gpu_util_percent": 69.0,
    "vram_used_mib": 38029.0,
    "vram_total_mib": 46068.0,
    "power_watts": 262.79,
    "temperature_c": 62.0
  },
  "eta": {
    "elapsed_seconds": 8125.273390054703,
    "eta_seconds": 769.1925475918453,
    "progress_percent": 91.35200974421437
  },
  "samples": [],
  "stop_reason": null
}