{
  "type": "milestone",
  "timestamp_utc": "2026-06-26T16:50:39Z",
  "step": 100,
  "max_steps": 300,
  "last_train_log": {
    "loss": 28.186294555664062,
    "grad_norm": 430.9637145996094,
    "learning_rate": 1.0167950222753983e-05,
    "epoch": 0.3664261994732623
  },
  "metrics": {},
  "gpu": {
    "cuda_available": true,
    "torch_allocated_mib": 13124.4140625,
    "torch_reserved_mib": 21114.0,
    "torch_peak_allocated_mib": 20170.283203125,
    "gpu_util_percent": 100.0,
    "vram_used_mib": 21457.0,
    "vram_total_mib": 46068.0,
    "power_watts": 152.96,
    "temperature_c": 55.0
  },
  "eta": {
    "elapsed_seconds": 1088.503277540207,
    "eta_seconds": 2177.006555080414,
    "progress_percent": 33.33333333333333
  },
  "samples": [],
  "stop_reason": null
}