{
  "type": "milestone",
  "timestamp_utc": "2026-06-27T17:48:15Z",
  "step": 100,
  "max_steps": 1642,
  "last_train_log": {
    "loss": 6.925630950927735,
    "grad_norm": 52.233985900878906,
    "learning_rate": 6e-06,
    "epoch": 0.12189547463050435
  },
  "metrics": {},
  "gpu": {
    "cuda_available": true,
    "torch_allocated_mib": 15473.36962890625,
    "torch_reserved_mib": 32790.0,
    "torch_peak_allocated_mib": 30630.34423828125,
    "gpu_util_percent": 100.0,
    "vram_used_mib": 33133.0,
    "vram_total_mib": 46068.0,
    "power_watts": 267.83,
    "temperature_c": 63.0
  },
  "eta": {
    "elapsed_seconds": 402.4080572128296,
    "eta_seconds": 6205.132242221832,
    "progress_percent": 6.090133982947625
  },
  "samples": [],
  "stop_reason": null
}