{
  "type": "milestone",
  "timestamp_utc": "2026-06-26T06:59:13Z",
  "step": 100,
  "max_steps": 1642,
  "last_train_log": {
    "loss": 36.17213439941406,
    "grad_norm": 2029.397216796875,
    "learning_rate": 4.8e-06,
    "epoch": 0.12190940607261229
  },
  "metrics": {},
  "gpu": {
    "cuda_available": true,
    "torch_allocated_mib": 14329.525390625,
    "torch_reserved_mib": 22816.0,
    "torch_peak_allocated_mib": 21974.93896484375,
    "gpu_util_percent": 96.0,
    "vram_used_mib": 23159.0,
    "vram_total_mib": 46068.0,
    "power_watts": 195.87,
    "temperature_c": 60.0
  },
  "eta": {
    "elapsed_seconds": 1182.3754756450653,
    "eta_seconds": 18232.229834446905,
    "progress_percent": 6.090133982947625
  },
  "samples": [],
  "stop_reason": null
}