{
  "type": "milestone",
  "timestamp_utc": "2026-06-26T08:32:52Z",
  "step": 500,
  "max_steps": 1642,
  "last_train_log": {
    "loss": 12.84105987548828,
    "grad_norm": 90.98213958740234,
    "learning_rate": 7.032349318736269e-06,
    "epoch": 0.6095470303630615,
    "eval_loss": 0.40611717104911804,
    "eval_wer": 0.361731843575419,
    "eval_cer": 0.09276292719769104,
    "eval_hallucination_rate": 0.0,
    "eval_language_confusion_rate": 0.0011806375442739079,
    "eval_runtime": 768.2907,
    "eval_samples_per_second": 1.102,
    "eval_steps_per_second": 1.102
  },
  "metrics": {},
  "gpu": {
    "cuda_available": true,
    "torch_allocated_mib": 14329.525390625,
    "torch_reserved_mib": 22826.0,
    "torch_peak_allocated_mib": 21974.93896484375,
    "gpu_util_percent": 52.0,
    "vram_used_mib": 23171.0,
    "vram_total_mib": 46068.0,
    "power_watts": 186.92,
    "temperature_c": 62.0
  },
  "eta": {
    "elapsed_seconds": 6801.445583343506,
    "eta_seconds": 15534.501712356569,
    "progress_percent": 30.45066991473813
  },
  "samples": [],
  "stop_reason": null
}