{
  "type": "milestone",
  "timestamp_utc": "2026-06-26T12:22:07Z",
  "step": 1500,
  "max_steps": 1642,
  "last_train_log": {
    "loss": 6.76721420288086,
    "grad_norm": 77.88693237304688,
    "learning_rate": 1.8360733243228866e-07,
    "epoch": 1.8277648672330375,
    "eval_loss": 0.296276330947876,
    "eval_wer": 0.26975259377494015,
    "eval_cer": 0.07080624713403286,
    "eval_hallucination_rate": 0.0,
    "eval_language_confusion_rate": 0.0,
    "eval_runtime": 773.3412,
    "eval_samples_per_second": 1.095,
    "eval_steps_per_second": 1.095
  },
  "metrics": {},
  "gpu": {
    "cuda_available": true,
    "torch_allocated_mib": 14329.52587890625,
    "torch_reserved_mib": 22826.0,
    "torch_peak_allocated_mib": 21974.939453125,
    "gpu_util_percent": 100.0,
    "vram_used_mib": 23171.0,
    "vram_total_mib": 46068.0,
    "power_watts": 186.05,
    "temperature_c": 64.0
  },
  "eta": {
    "elapsed_seconds": 20556.302661895752,
    "eta_seconds": 1945.9966519927978,
    "progress_percent": 91.35200974421437
  },
  "samples": [],
  "stop_reason": null
}