{
  "type": "milestone",
  "timestamp_utc": "2026-06-24T11:27:04Z",
  "step": 100,
  "max_steps": 546,
  "last_train_log": {
    "loss": 29.008380126953124,
    "grad_norm": 103.04246520996094,
    "learning_rate": 1.960632142010151e-06,
    "epoch": 0.36638424547744447
  },
  "metrics": {},
  "gpu": {
    "cuda_available": true,
    "torch_allocated_mib": 13121.74267578125,
    "torch_reserved_mib": 21228.0,
    "torch_peak_allocated_mib": 20140.8525390625,
    "gpu_util_percent": 100.0,
    "vram_used_mib": 21571.0,
    "vram_total_mib": 46068.0,
    "power_watts": 206.84,
    "temperature_c": 64.0
  },
  "eta": {
    "elapsed_seconds": 560.6416509151459,
    "eta_seconds": 2500.4617630815505,
    "progress_percent": 18.315018315018314
  },
  "samples": [],
  "stop_reason": null
}