{
  "type": "milestone",
  "timestamp_utc": "2026-06-24T12:04:10Z",
  "step": 300,
  "max_steps": 546,
  "last_train_log": {
    "loss": 15.05301513671875,
    "grad_norm": 89.96966552734375,
    "learning_rate": 1.009597386223241e-06,
    "epoch": 1.09892374627891,
    "eval_loss": 0.959773063659668,
    "eval_wer": 0.6103558576569372,
    "eval_cer": 0.1718044113739038,
    "eval_hallucination_rate": 0.001183431952662722,
    "eval_language_confusion_rate": 0.007100591715976331,
    "eval_runtime": 558.3823,
    "eval_samples_per_second": 1.513,
    "eval_steps_per_second": 0.758
  },
  "metrics": {},
  "gpu": {
    "cuda_available": true,
    "torch_allocated_mib": 13121.74072265625,
    "torch_reserved_mib": 21276.0,
    "torch_peak_allocated_mib": 20140.8525390625,
    "gpu_util_percent": 0.0,
    "vram_used_mib": 21621.0,
    "vram_total_mib": 46068.0,
    "power_watts": 135.4,
    "temperature_c": 56.0
  },
  "eta": {
    "elapsed_seconds": 2786.4055314064026,
    "eta_seconds": 2284.85253575325,
    "progress_percent": 54.94505494505495
  },
  "samples": [],
  "stop_reason": null
}