{
  "type": "milestone",
  "timestamp_utc": "2026-06-24T12:32:49Z",
  "step": 500,
  "max_steps": 546,
  "last_train_log": {
    "loss": 12.711331939697265,
    "grad_norm": 71.66038513183594,
    "learning_rate": 4.487733823383522e-08,
    "epoch": 1.831692237233799,
    "eval_loss": 0.8599284291267395,
    "eval_wer": 0.5879648140743703,
    "eval_cer": 0.144857826202498,
    "eval_hallucination_rate": 0.0,
    "eval_language_confusion_rate": 0.004733727810650888,
    "eval_runtime": 555.2803,
    "eval_samples_per_second": 1.522,
    "eval_steps_per_second": 0.762
  },
  "metrics": {},
  "gpu": {
    "cuda_available": true,
    "torch_allocated_mib": 13121.744140625,
    "torch_reserved_mib": 21276.0,
    "torch_peak_allocated_mib": 20140.8525390625,
    "gpu_util_percent": 87.0,
    "vram_used_mib": 21621.0,
    "vram_total_mib": 46068.0,
    "power_watts": 188.71,
    "temperature_c": 62.0
  },
  "eta": {
    "elapsed_seconds": 4505.74343752861,
    "eta_seconds": 414.52839625263215,
    "progress_percent": 91.57509157509158
  },
  "samples": [],
  "stop_reason": null
}