{
  "type": "milestone",
  "timestamp_utc": "2026-06-28T18:42:03Z",
  "step": 1000,
  "max_steps": 5380,
  "last_train_log": {
    "loss": 2.5104652404785157,
    "grad_norm": 20.177175521850586,
    "learning_rate": 1.9556001221714137e-05,
    "epoch": 0.18589952130873263,
    "eval_loss": 0.3080424964427948,
    "eval_wer": 0.2705269727347194,
    "eval_cer": 0.06972698039156527,
    "eval_hallucination_rate": 0.0003295978905735003,
    "eval_language_confusion_rate": 0.0,
    "eval_runtime": 3342.533,
    "eval_samples_per_second": 1.815,
    "eval_steps_per_second": 0.454
  },
  "metrics": {},
  "gpu": {
    "cuda_available": true,
    "torch_allocated_mib": 16663.30712890625,
    "torch_reserved_mib": 37676.0,
    "torch_peak_allocated_mib": 35689.220703125,
    "gpu_util_percent": 0.0,
    "vram_used_mib": 38021.0,
    "vram_total_mib": 46068.0,
    "power_watts": 82.4,
    "temperature_c": 57.0
  },
  "eta": {
    "elapsed_seconds": 7895.200236082077,
    "eta_seconds": 34580.9770340395,
    "progress_percent": 18.587360594795538
  },
  "samples": [],
  "stop_reason": null
}