{
  "type": "milestone",
  "timestamp_utc": "2026-06-28T16:38:12Z",
  "step": 100,
  "max_steps": 5380,
  "last_train_log": {
    "loss": 9.566718292236327,
    "grad_norm": 146.47808837890625,
    "learning_rate": 3.680297397769517e-06,
    "epoch": 0.018589952130873263
  },
  "metrics": {},
  "gpu": {
    "cuda_available": true,
    "torch_allocated_mib": 16663.30810546875,
    "torch_reserved_mib": 37658.0,
    "torch_peak_allocated_mib": 35091.45654296875,
    "gpu_util_percent": 100.0,
    "vram_used_mib": 38001.0,
    "vram_total_mib": 46068.0,
    "power_watts": 271.32,
    "temperature_c": 61.0
  },
  "eta": {
    "elapsed_seconds": 464.32581520080566,
    "eta_seconds": 24516.40304260254,
    "progress_percent": 1.858736059479554
  },
  "samples": [],
  "stop_reason": null
}