{
  "type": "milestone",
  "timestamp_utc": "2026-06-27T15:29:52Z",
  "step": 1500,
  "max_steps": 1642,
  "last_train_log": {
    "loss": 0.940727710723877,
    "grad_norm": 8.31390380859375,
    "learning_rate": 1.1475458277018042e-06,
    "epoch": 1.8276702727411245,
    "eval_loss": 0.2494397610425949,
    "eval_wer": 0.21428571428571427,
    "eval_cer": 0.05758908100234672,
    "eval_hallucination_rate": 0.0023612750885478157,
    "eval_language_confusion_rate": 0.0,
    "eval_runtime": 387.4595,
    "eval_samples_per_second": 2.186,
    "eval_steps_per_second": 0.547
  },
  "metrics": {},
  "gpu": {
    "cuda_available": true,
    "torch_allocated_mib": 15473.37109375,
    "torch_reserved_mib": 32790.0,
    "torch_peak_allocated_mib": 31377.78173828125,
    "gpu_util_percent": 100.0,
    "vram_used_mib": 33135.0,
    "vram_total_mib": 46068.0,
    "power_watts": 281.95,
    "temperature_c": 65.0
  },
  "eta": {
    "elapsed_seconds": 7175.007907867432,
    "eta_seconds": 679.2340819447835,
    "progress_percent": 91.35200974421437
  },
  "samples": [],
  "stop_reason": null
}