{
  "type": "milestone",
  "timestamp_utc": "2026-06-27T14:10:14Z",
  "step": 500,
  "max_steps": 1642,
  "last_train_log": {
    "loss": 3.048192596435547,
    "grad_norm": 22.355344772338867,
    "learning_rate": 4.3952183242101684e-05,
    "epoch": 0.6094773731525217,
    "eval_loss": 0.4071786403656006,
    "eval_wer": 0.3375897845171588,
    "eval_cer": 0.08610039651498395,
    "eval_hallucination_rate": 0.0,
    "eval_language_confusion_rate": 0.0,
    "eval_runtime": 385.1347,
    "eval_samples_per_second": 2.199,
    "eval_steps_per_second": 0.55
  },
  "metrics": {},
  "gpu": {
    "cuda_available": true,
    "torch_allocated_mib": 15473.36865234375,
    "torch_reserved_mib": 32790.0,
    "torch_peak_allocated_mib": 31377.78173828125,
    "gpu_util_percent": 100.0,
    "vram_used_mib": 33135.0,
    "vram_total_mib": 46068.0,
    "power_watts": 268.33,
    "temperature_c": 69.0
  },
  "eta": {
    "elapsed_seconds": 2397.568742752075,
    "eta_seconds": 5476.047008445739,
    "progress_percent": 30.45066991473813
  },
  "samples": [],
  "stop_reason": null
}