{
  "type": "milestone",
  "timestamp_utc": "2026-06-27T13:37:06Z",
  "step": 100,
  "max_steps": 1642,
  "last_train_log": {
    "loss": 5.285789108276367,
    "grad_norm": 54.917945861816406,
    "learning_rate": 3e-05,
    "epoch": 0.12189547463050435
  },
  "metrics": {},
  "gpu": {
    "cuda_available": true,
    "torch_allocated_mib": 15473.36962890625,
    "torch_reserved_mib": 32790.0,
    "torch_peak_allocated_mib": 30630.34423828125,
    "gpu_util_percent": 100.0,
    "vram_used_mib": 33133.0,
    "vram_total_mib": 46068.0,
    "power_watts": 268.87,
    "temperature_c": 70.0
  },
  "eta": {
    "elapsed_seconds": 408.7153766155243,
    "eta_seconds": 6302.391107411385,
    "progress_percent": 6.090133982947625
  },
  "samples": [],
  "stop_reason": null
}