{
  "type": "milestone",
  "timestamp_utc": "2026-06-27T14:50:05Z",
  "step": 1000,
  "max_steps": 1642,
  "last_train_log": {
    "loss": 1.2674147605895996,
    "grad_norm": 11.484842300415039,
    "learning_rate": 1.9956616087293943e-05,
    "epoch": 1.2181928995886029,
    "eval_loss": 0.30417805910110474,
    "eval_wer": 0.28371907422186754,
    "eval_cer": 0.07633587786259542,
    "eval_hallucination_rate": 0.0011806375442739079,
    "eval_language_confusion_rate": 0.0,
    "eval_runtime": 384.3065,
    "eval_samples_per_second": 2.204,
    "eval_steps_per_second": 0.552
  },
  "metrics": {},
  "gpu": {
    "cuda_available": true,
    "torch_allocated_mib": 15473.37158203125,
    "torch_reserved_mib": 32790.0,
    "torch_peak_allocated_mib": 31377.78173828125,
    "gpu_util_percent": 66.0,
    "vram_used_mib": 33135.0,
    "vram_total_mib": 46068.0,
    "power_watts": 252.72,
    "temperature_c": 69.0
  },
  "eta": {
    "elapsed_seconds": 4787.931055307388,
    "eta_seconds": 3073.8517375073434,
    "progress_percent": 60.90133982947626
  },
  "samples": [],
  "stop_reason": null
}