{
  "type": "milestone",
  "timestamp_utc": "2026-06-28T10:22:21Z",
  "step": 500,
  "max_steps": 1642,
  "last_train_log": {
    "loss": 3.1080427169799805,
    "grad_norm": 22.98179817199707,
    "learning_rate": 4.3952183242101684e-05,
    "epoch": 0.6094773731525217,
    "eval_loss": 0.4255901575088501,
    "eval_wer": 0.36671987230646447,
    "eval_cer": 0.09926361502980606,
    "eval_hallucination_rate": 0.0011806375442739079,
    "eval_language_confusion_rate": 0.0,
    "eval_runtime": 389.1661,
    "eval_samples_per_second": 2.176,
    "eval_steps_per_second": 0.545
  },
  "metrics": {},
  "gpu": {
    "cuda_available": true,
    "torch_allocated_mib": 16662.30615234375,
    "torch_reserved_mib": 37684.0,
    "torch_peak_allocated_mib": 35953.32080078125,
    "gpu_util_percent": 100.0,
    "vram_used_mib": 38029.0,
    "vram_total_mib": 46068.0,
    "power_watts": 280.55,
    "temperature_c": 74.0
  },
  "eta": {
    "elapsed_seconds": 2727.3141589164734,
    "eta_seconds": 6229.1855389652255,
    "progress_percent": 30.45066991473813
  },
  "samples": [],
  "stop_reason": null
}