{
  "type": "milestone",
  "timestamp_utc": "2026-06-28T11:07:30Z",
  "step": 1000,
  "max_steps": 1642,
  "last_train_log": {
    "loss": 1.3088413238525392,
    "grad_norm": 12.339881896972656,
    "learning_rate": 1.9956616087293943e-05,
    "epoch": 1.2181928995886029,
    "eval_loss": 0.3115926682949066,
    "eval_wer": 0.27992817238627293,
    "eval_cer": 0.07312599465918593,
    "eval_hallucination_rate": 0.0011806375442739079,
    "eval_language_confusion_rate": 0.0,
    "eval_runtime": 385.5242,
    "eval_samples_per_second": 2.197,
    "eval_steps_per_second": 0.55
  },
  "metrics": {},
  "gpu": {
    "cuda_available": true,
    "torch_allocated_mib": 16662.30908203125,
    "torch_reserved_mib": 37684.0,
    "torch_peak_allocated_mib": 35953.32080078125,
    "gpu_util_percent": 74.0,
    "vram_used_mib": 38029.0,
    "vram_total_mib": 46068.0,
    "power_watts": 268.59,
    "temperature_c": 76.0
  },
  "eta": {
    "elapsed_seconds": 5435.886390209198,
    "eta_seconds": 3489.839062514305,
    "progress_percent": 60.90133982947626
  },
  "samples": [],
  "stop_reason": null
}