{
  "raw_rows": 184140,
  "raw_hours": 207.11503086805558,
  "quality_reject_rows": 0,
  "duplicate_removed_rows": 0,
  "final_unique_rows": 184140,
  "final_unique_hours": 207.11503086805558,
  "raw_by_dataset": {
    "common_voice_uz": {
      "rows": 72917,
      "hours": 88.53894000000099,
      "speakers": 1366
    },
    "fleurs_uz": {
      "rows": 4168,
      "hours": 14.082816666666648,
      "speakers": 2
    },
    "usc": {
      "rows": 107055,
      "hours": 104.49327420139501,
      "speakers": 936
    }
  },
  "final_by_dataset": {
    "common_voice_uz": {
      "rows": 72917,
      "hours": 88.53894000000099,
      "speakers": 1366
    },
    "fleurs_uz": {
      "rows": 4168,
      "hours": 14.082816666666648,
      "speakers": 2
    },
    "usc": {
      "rows": 107055,
      "hours": 104.49327420139501,
      "speakers": 936
    }
  },
  "splits": {
    "train": {
      "rows": 172135,
      "hours": 186.40373031250002,
      "datasets": {
        "common_voice_uz": 67922,
        "fleurs_uz": 1392,
        "usc": 102821
      }
    },
    "val": {
      "rows": 6068,
      "hours": 10.355649270833334,
      "datasets": {
        "common_voice_uz": 2467,
        "fleurs_uz": 1398,
        "usc": 2203
      }
    },
    "test": {
      "rows": 5937,
      "hours": 10.35565128472222,
      "datasets": {
        "common_voice_uz": 2528,
        "fleurs_uz": 1378,
        "usc": 2031
      }
    }
  },
  "duplicate_stats": {
    "duplicate_audio_paths_active_manifest": 0
  },
  "license_warning": "FeruzaSpeech was moved out of Gold into train-only Silver on 2026-06-27 because of restrictive/gated terms."
}