{
  "raw_rows": 184325,
  "raw_hours": 207.27443213541665,
  "quality_reject_rows": 50,
  "duplicate_removed_rows": 135,
  "final_unique_rows": 184140,
  "final_unique_hours": 207.11503086805558,
  "raw_by_dataset": {
    "usc": {
      "rows": 107200,
      "hours": 104.62978546875735,
      "speakers": 936,
      "decisions": {
        "keep": 102058,
        "suspicious": 5132,
        "reject": 10
      },
      "quality_classes": {
        "gold": 102058,
        "bronze": 5132,
        "reject": 10
      }
    },
    "common_voice_uz": {
      "rows": 72957,
      "hours": 88.5618299999989,
      "speakers": 1366,
      "decisions": {
        "keep": 71798,
        "suspicious": 1119,
        "reject": 40
      },
      "quality_classes": {
        "gold": 71798,
        "bronze": 1119,
        "reject": 40
      }
    },
    "fleurs_uz": {
      "rows": 4168,
      "hours": 14.08281666666665,
      "speakers": 0,
      "decisions": {
        "keep": 2995,
        "suspicious": 1173
      },
      "quality_classes": {
        "gold": 2995,
        "bronze": 1172,
        "silver": 1
      }
    }
  },
  "final_by_dataset": {
    "usc": {
      "rows": 107055,
      "hours": 104.49327420139615,
      "speakers": 936,
      "decisions": {
        "keep": 101925,
        "suspicious": 5130
      },
      "quality_classes": {
        "gold": 101925,
        "bronze": 5130
      }
    },
    "common_voice_uz": {
      "rows": 72917,
      "hours": 88.53893999999892,
      "speakers": 1366,
      "decisions": {
        "keep": 71798,
        "suspicious": 1119
      },
      "quality_classes": {
        "gold": 71798,
        "bronze": 1119
      }
    },
    "fleurs_uz": {
      "rows": 4168,
      "hours": 14.08281666666665,
      "speakers": 0,
      "decisions": {
        "keep": 2995,
        "suspicious": 1173
      },
      "quality_classes": {
        "gold": 2995,
        "bronze": 1172,
        "silver": 1
      }
    }
  },
  "splits": {
    "train": {
      "rows": 172135,
      "hours": 186.40373031250002,
      "datasets": {
        "common_voice_uz": 67922,
        "usc": 102821,
        "fleurs_uz": 1392
      }
    },
    "val": {
      "rows": 6068,
      "hours": 10.355649270833334,
      "datasets": {
        "common_voice_uz": 2467,
        "usc": 2203,
        "fleurs_uz": 1398
      }
    },
    "test": {
      "rows": 5937,
      "hours": 10.35565128472222,
      "datasets": {
        "common_voice_uz": 2528,
        "usc": 2031,
        "fleurs_uz": 1378
      }
    }
  },
  "quality_decisions": {
    "keep": 176851,
    "suspicious": 7424,
    "reject": 50
  },
  "duplicate_stats": {
    "removed_audio_duplicate_or_near_duplicate_rows": 135,
    "duplicate_audio_rows_flagged": 260,
    "near_duplicate_audio_rows_flagged": 262,
    "duplicate_transcript_rows_flagged": 57183,
    "near_duplicate_transcript_rows_flagged": 59233,
    "text_duration_overlap_rows_flagged": 4492
  },
  "blocked": {
    "feruzaspeech": "k2speech/FeruzaSpeech is gated manual on Hugging Face; no HF_TOKEN/HUGGINGFACE_HUB_TOKEN configured."
  }
}