batch_size,beam_size,audio_hours,startup_seconds,processing_seconds,total_wall_seconds,rtf_processing,rtf_end_to_end,speed_multiplier,throughput_audio_hours_per_hour,cost_per_audio_hour_usd,avg_latency_seconds,p95_latency_seconds,avg_gpu_util_pct,peak_gpu_util_pct,avg_vram_mb,peak_vram_mb,avg_cpu_percent,peak_cpu_percent,wer,cer,result_json
1,1,5.0,3.6887094989651814,1371.316019558988,1375.0047290579532,0.07618422330883266,0.07638915161433074,13.126077244972867,13.126077244972867,0.13060152567228459,3.385571364630416,9.74505081578388,90.14056531703591,100.0,4578.917494270436,5505.0,4.868220015278839,36.0,0.9504535696973894,0.3788825225290566,benchmark/results/long_form_offline_faster_whisper_large-v3_fp16_bs1_beam1.json
2,1,5.0,3.9322195659624413,469.98580512800254,473.918024693965,0.02611032250711125,0.02632877914966472,38.299029042159326,38.29902904215932,0.04476055286933358,1.1600696594943005,1.7366892062360406,86.5304347826087,100.0,4411.495652173913,4545.0,10.95608695652174,32.3,0.9504535696973894,0.539876883465395,benchmark/results/long_form_offline_faster_whisper_large-v3_fp16_bs2_beam1.json
4,1,5.0,3.900469623040408,410.7903677870054,414.6908374100458,0.022821687099278076,0.023038379856113653,43.817969970836785,43.817969970836785,0.03912289217019099,1.0139504080197062,1.7219116331660187,84.32835820895522,100.0,4569.427860696517,5089.0,12.299502487562188,32.9,0.9502804514922789,0.5398950155028921,benchmark/results/long_form_offline_faster_whisper_large-v3_fp16_bs4_beam1.json
