{
  "type": "milestone",
  "timestamp_utc": "2026-06-24T20:18:41Z",
  "step": 100,
  "max_steps": 1642,
  "last_train_log": {
    "loss": 52.636956787109376,
    "grad_norm": 283.0447692871094,
    "learning_rate": 3e-07,
    "epoch": 0.12190940607261229
  },
  "metrics": {},
  "gpu": {
    "cuda_available": true,
    "torch_allocated_mib": 14329.525390625,
    "torch_reserved_mib": 22816.0,
    "torch_peak_allocated_mib": 21974.93896484375,
    "gpu_util_percent": 88.0,
    "vram_used_mib": 23159.0,
    "vram_total_mib": 46068.0,
    "power_watts": 193.51,
    "temperature_c": 54.0
  },
  "eta": {
    "elapsed_seconds": 1177.6001553535461,
    "eta_seconds": 18158.59439555168,
    "progress_percent": 6.090133982947625
  },
  "samples": [],
  "stop_reason": null
}