{
  "type": "milestone",
  "timestamp_utc": "2026-06-24T23:34:56Z",
  "step": 1000,
  "max_steps": 1642,
  "last_train_log": {
    "loss": 9.673601531982422,
    "grad_norm": 97.23609161376953,
    "learning_rate": 1.995661608729394e-07,
    "epoch": 1.218217836869976,
    "eval_loss": 0.3809978663921356,
    "eval_wer": 0.3453711093375898,
    "eval_cer": 0.09184581771100261,
    "eval_hallucination_rate": 0.0011806375442739079,
    "eval_language_confusion_rate": 0.0,
    "eval_runtime": 540.4214,
    "eval_samples_per_second": 1.567,
    "eval_steps_per_second": 0.785
  },
  "metrics": {},
  "gpu": {
    "cuda_available": true,
    "torch_allocated_mib": 14329.525390625,
    "torch_reserved_mib": 22826.0,
    "torch_peak_allocated_mib": 21974.93896484375,
    "gpu_util_percent": 100.0,
    "vram_used_mib": 23171.0,
    "vram_total_mib": 46068.0,
    "power_watts": 190.51,
    "temperature_c": 55.0
  },
  "eta": {
    "elapsed_seconds": 12953.26444864273,
    "eta_seconds": 8315.995776028632,
    "progress_percent": 60.90133982947626
  },
  "samples": [],
  "stop_reason": null
}