{
  "type": "milestone",
  "timestamp_utc": "2026-06-24T21:46:42Z",
  "step": 500,
  "max_steps": 1642,
  "last_train_log": {
    "loss": 14.802708435058594,
    "grad_norm": 103.85950469970703,
    "learning_rate": 4.395218324210168e-07,
    "epoch": 0.6095470303630615,
    "eval_loss": 0.47375452518463135,
    "eval_wer": 0.41819632881085395,
    "eval_cer": 0.10937879319181075,
    "eval_hallucination_rate": 0.0,
    "eval_language_confusion_rate": 0.0011806375442739079,
    "eval_runtime": 533.3439,
    "eval_samples_per_second": 1.588,
    "eval_steps_per_second": 0.795
  },
  "metrics": {},
  "gpu": {
    "cuda_available": true,
    "torch_allocated_mib": 14329.525390625,
    "torch_reserved_mib": 22826.0,
    "torch_peak_allocated_mib": 21974.93896484375,
    "gpu_util_percent": 100.0,
    "vram_used_mib": 23171.0,
    "vram_total_mib": 46068.0,
    "power_watts": 179.1,
    "temperature_c": 56.0
  },
  "eta": {
    "elapsed_seconds": 6459.444487333298,
    "eta_seconds": 14753.371209069252,
    "progress_percent": 30.45066991473813
  },
  "samples": [],
  "stop_reason": null
}