{
  "type": "milestone",
  "timestamp_utc": "2026-06-27T22:57:54Z",
  "step": 1500,
  "max_steps": 1642,
  "last_train_log": {
    "loss": 1.2229948043823242,
    "grad_norm": 17.971569061279297,
    "learning_rate": 2.2950916554036084e-07,
    "epoch": 1.8276702727411245,
    "eval_loss": 0.25836944580078125,
    "eval_wer": 0.22007182761372707,
    "eval_cer": 0.05570091441210585,
    "eval_hallucination_rate": 0.0,
    "eval_language_confusion_rate": 0.0,
    "eval_runtime": 391.8143,
    "eval_samples_per_second": 2.162,
    "eval_steps_per_second": 0.541
  },
  "metrics": {},
  "gpu": {
    "cuda_available": true,
    "torch_allocated_mib": 16662.30859375,
    "torch_reserved_mib": 37684.0,
    "torch_peak_allocated_mib": 35953.32080078125,
    "gpu_util_percent": 100.0,
    "vram_used_mib": 38029.0,
    "vram_total_mib": 46068.0,
    "power_watts": 279.49,
    "temperature_c": 63.0
  },
  "eta": {
    "elapsed_seconds": 8116.339759588242,
    "eta_seconds": 768.3468305743535,
    "progress_percent": 91.35200974421437
  },
  "samples": [],
  "stop_reason": null
}