{
  "type": "milestone",
  "timestamp_utc": "2026-06-27T22:12:45Z",
  "step": 1000,
  "max_steps": 1642,
  "last_train_log": {
    "loss": 1.3831120491027833,
    "grad_norm": 19.010635375976562,
    "learning_rate": 3.991323217458789e-06,
    "epoch": 1.2181928995886029,
    "eval_loss": 0.2868182361125946,
    "eval_wer": 0.2603750997605746,
    "eval_cer": 0.06522266878860626,
    "eval_hallucination_rate": 0.0,
    "eval_language_confusion_rate": 0.0,
    "eval_runtime": 388.854,
    "eval_samples_per_second": 2.178,
    "eval_steps_per_second": 0.545
  },
  "metrics": {},
  "gpu": {
    "cuda_available": true,
    "torch_allocated_mib": 16662.30908203125,
    "torch_reserved_mib": 37684.0,
    "torch_peak_allocated_mib": 35953.32080078125,
    "gpu_util_percent": 100.0,
    "vram_used_mib": 38029.0,
    "vram_total_mib": 46068.0,
    "power_watts": 273.33,
    "temperature_c": 62.0
  },
  "eta": {
    "elapsed_seconds": 5406.582284212112,
    "eta_seconds": 3471.0258264641766,
    "progress_percent": 60.90133982947626
  },
  "samples": [],
  "stop_reason": null
}