{
  "type": "milestone",
  "timestamp_utc": "2026-06-27T21:27:50Z",
  "step": 500,
  "max_steps": 1642,
  "last_train_log": {
    "loss": 2.7215753555297852,
    "grad_norm": 29.382068634033203,
    "learning_rate": 8.790436648420338e-06,
    "epoch": 0.6094773731525217,
    "eval_loss": 0.3571508228778839,
    "eval_wer": 0.31424581005586594,
    "eval_cer": 0.07647074690475548,
    "eval_hallucination_rate": 0.0,
    "eval_language_confusion_rate": 0.0011806375442739079,
    "eval_runtime": 389.6991,
    "eval_samples_per_second": 2.173,
    "eval_steps_per_second": 0.544
  },
  "metrics": {},
  "gpu": {
    "cuda_available": true,
    "torch_allocated_mib": 16662.30615234375,
    "torch_reserved_mib": 37684.0,
    "torch_peak_allocated_mib": 35953.32080078125,
    "gpu_util_percent": 94.0,
    "vram_used_mib": 38029.0,
    "vram_total_mib": 46068.0,
    "power_watts": 267.23,
    "temperature_c": 62.0
  },
  "eta": {
    "elapsed_seconds": 2711.817839860916,
    "eta_seconds": 6193.791946242332,
    "progress_percent": 30.45066991473813
  },
  "samples": [],
  "stop_reason": null
}