{
  "type": "milestone",
  "timestamp_utc": "2026-06-26T05:48:26Z",
  "step": 1500,
  "max_steps": 1642,
  "last_train_log": {
    "loss": 5.9623767852783205,
    "grad_norm": 83.26849365234375,
    "learning_rate": 1.1475458277018042e-07,
    "epoch": 1.8277648672330375,
    "eval_loss": 0.2743183672428131,
    "eval_wer": 0.24920191540303271,
    "eval_cer": 0.06303779030561325,
    "eval_hallucination_rate": 0.0,
    "eval_language_confusion_rate": 0.0,
    "eval_runtime": 540.2923,
    "eval_samples_per_second": 1.568,
    "eval_steps_per_second": 0.785
  },
  "metrics": {},
  "gpu": {
    "cuda_available": true,
    "torch_allocated_mib": 15562.46337890625,
    "torch_reserved_mib": 24760.0,
    "torch_peak_allocated_mib": 23806.291015625,
    "gpu_util_percent": 100.0,
    "vram_used_mib": 25105.0,
    "vram_total_mib": 46068.0,
    "power_watts": 204.33,
    "temperature_c": 61.0
  },
  "eta": {
    "elapsed_seconds": 25032.098803043365,
    "eta_seconds": 2369.705353354772,
    "progress_percent": 91.35200974421437
  },
  "samples": [],
  "stop_reason": null
}