{
  "type": "milestone",
  "timestamp_utc": "2026-06-26T01:16:47Z",
  "step": 500,
  "max_steps": 1642,
  "last_train_log": {
    "loss": 11.428056335449218,
    "grad_norm": 94.59779357910156,
    "learning_rate": 4.395218324210169e-06,
    "epoch": 0.6095470303630615,
    "eval_loss": 0.3656003773212433,
    "eval_wer": 0.32382282521947325,
    "eval_cer": 0.08054379197798937,
    "eval_hallucination_rate": 0.0,
    "eval_language_confusion_rate": 0.0011806375442739079,
    "eval_runtime": 699.9333,
    "eval_samples_per_second": 1.21,
    "eval_steps_per_second": 0.606
  },
  "metrics": {},
  "gpu": {
    "cuda_available": true,
    "torch_allocated_mib": 15562.462890625,
    "torch_reserved_mib": 24760.0,
    "torch_peak_allocated_mib": 23806.29052734375,
    "gpu_util_percent": 100.0,
    "vram_used_mib": 27342.0,
    "vram_total_mib": 46068.0,
    "power_watts": 225.6,
    "temperature_c": 64.0
  },
  "eta": {
    "elapsed_seconds": 8732.955637216568,
    "eta_seconds": 19946.07067540264,
    "progress_percent": 30.45066991473813
  },
  "samples": [],
  "stop_reason": null
}