{
  "type": "milestone",
  "timestamp_utc": "2026-06-26T03:42:54Z",
  "step": 1000,
  "max_steps": 1642,
  "last_train_log": {
    "loss": 6.650529479980468,
    "grad_norm": 90.4261474609375,
    "learning_rate": 1.9956616087293943e-06,
    "epoch": 1.218217836869976,
    "eval_loss": 0.29805371165275574,
    "eval_wer": 0.2605746209098164,
    "eval_cer": 0.06646346397647884,
    "eval_hallucination_rate": 0.0,
    "eval_language_confusion_rate": 0.0,
    "eval_runtime": 702.4303,
    "eval_samples_per_second": 1.206,
    "eval_steps_per_second": 0.604
  },
  "metrics": {},
  "gpu": {
    "cuda_available": true,
    "torch_allocated_mib": 15562.462890625,
    "torch_reserved_mib": 24760.0,
    "torch_peak_allocated_mib": 23806.29052734375,
    "gpu_util_percent": 100.0,
    "vram_used_mib": 27342.0,
    "vram_total_mib": 46068.0,
    "power_watts": 229.29,
    "temperature_c": 64.0
  },
  "eta": {
    "elapsed_seconds": 17499.60560107231,
    "eta_seconds": 11234.746795888424,
    "progress_percent": 60.90133982947626
  },
  "samples": [],
  "stop_reason": null
}