{
  "type": "milestone",
  "timestamp_utc": "2026-06-25T03:58:51Z",
  "step": 500,
  "max_steps": 1642,
  "last_train_log": {
    "loss": 14.433314514160156,
    "grad_norm": 101.64995574951172,
    "learning_rate": 8.790436648420336e-07,
    "epoch": 0.6095470303630615,
    "eval_loss": 0.4619864225387573,
    "eval_wer": 0.4072226656025539,
    "eval_cer": 0.10692417662449762,
    "eval_hallucination_rate": 0.0,
    "eval_language_confusion_rate": 0.0011806375442739079,
    "eval_runtime": 545.3223,
    "eval_samples_per_second": 1.553,
    "eval_steps_per_second": 0.778
  },
  "metrics": {},
  "gpu": {
    "cuda_available": true,
    "torch_allocated_mib": 14329.525390625,
    "torch_reserved_mib": 22826.0,
    "torch_peak_allocated_mib": 21974.93896484375,
    "gpu_util_percent": 100.0,
    "vram_used_mib": 23171.0,
    "vram_total_mib": 46068.0,
    "power_watts": 182.67,
    "temperature_c": 57.0
  },
  "eta": {
    "elapsed_seconds": 6599.825536251068,
    "eta_seconds": 15074.00152479744,
    "progress_percent": 30.45066991473813
  },
  "samples": [],
  "stop_reason": null
}