{
  "type": "milestone",
  "timestamp_utc": "2026-06-25T02:28:56Z",
  "step": 100,
  "max_steps": 1642,
  "last_train_log": {
    "loss": 51.23907470703125,
    "grad_norm": 280.63275146484375,
    "learning_rate": 6e-07,
    "epoch": 0.12190940607261229
  },
  "metrics": {},
  "gpu": {
    "cuda_available": true,
    "torch_allocated_mib": 14329.525390625,
    "torch_reserved_mib": 22816.0,
    "torch_peak_allocated_mib": 21974.93896484375,
    "gpu_util_percent": 100.0,
    "vram_used_mib": 23159.0,
    "vram_total_mib": 46068.0,
    "power_watts": 178.18,
    "temperature_c": 56.0
  },
  "eta": {
    "elapsed_seconds": 1204.3797647953033,
    "eta_seconds": 18571.53597314358,
    "progress_percent": 6.090133982947625
  },
  "samples": [],
  "stop_reason": null
}