{
  "type": "milestone",
  "timestamp_utc": "2026-06-25T07:40:20Z",
  "step": 1500,
  "max_steps": 1642,
  "last_train_log": {
    "loss": 8.135973358154297,
    "grad_norm": 79.2044448852539,
    "learning_rate": 2.2950916554036083e-08,
    "epoch": 1.8277648672330375,
    "eval_loss": 0.34173277020454407,
    "eval_wer": 0.31664006384676774,
    "eval_cer": 0.08329512043805465,
    "eval_hallucination_rate": 0.0,
    "eval_language_confusion_rate": 0.0,
    "eval_runtime": 546.3915,
    "eval_samples_per_second": 1.55,
    "eval_steps_per_second": 0.776
  },
  "metrics": {},
  "gpu": {
    "cuda_available": true,
    "torch_allocated_mib": 14329.52587890625,
    "torch_reserved_mib": 22826.0,
    "torch_peak_allocated_mib": 21974.939453125,
    "gpu_util_percent": 100.0,
    "vram_used_mib": 23171.0,
    "vram_total_mib": 46068.0,
    "power_watts": 175.4,
    "temperature_c": 59.0
  },
  "eta": {
    "elapsed_seconds": 19888.88318991661,
    "eta_seconds": 1882.8142753121058,
    "progress_percent": 91.35200974421437
  },
  "samples": [],
  "stop_reason": null
}