{
  "type": "milestone",
  "timestamp_utc": "2026-06-25T05:49:24Z",
  "step": 1000,
  "max_steps": 1642,
  "last_train_log": {
    "loss": 9.266732788085937,
    "grad_norm": 94.66597747802734,
    "learning_rate": 3.991323217458788e-07,
    "epoch": 1.218217836869976,
    "eval_loss": 0.3672596216201782,
    "eval_wer": 0.3320031923383879,
    "eval_cer": 0.0892293582930974,
    "eval_hallucination_rate": 0.0,
    "eval_language_confusion_rate": 0.0,
    "eval_runtime": 553.0164,
    "eval_samples_per_second": 1.532,
    "eval_steps_per_second": 0.767
  },
  "metrics": {},
  "gpu": {
    "cuda_available": true,
    "torch_allocated_mib": 14329.525390625,
    "torch_reserved_mib": 22826.0,
    "torch_peak_allocated_mib": 21974.93896484375,
    "gpu_util_percent": 100.0,
    "vram_used_mib": 23171.0,
    "vram_total_mib": 46068.0,
    "power_watts": 177.6,
    "temperature_c": 57.0
  },
  "eta": {
    "elapsed_seconds": 13233.140802383423,
    "eta_seconds": 8495.676395130156,
    "progress_percent": 60.90133982947626
  },
  "samples": [],
  "stop_reason": null
}